,id,title,city,postDate,updateDate,tags,commentCount,upRank,downRank,start_price
0,69935409,ارقام سوا لللبيع,الرياض,2021-01-30 18:23:54,2021-01-30 18:23:54,"['أرقام مميزة', 'ارقام مميزة من الاتصالات السعودية STC', 'حراج الأجهزة']",0,14,0,0
1,69935337,رقم للبيع مميزز 0598064,الرياض,2021-01-30 18:22:52,2021-01-30 18:22:52,"['أرقام مميزة', 'ارقام مميزة من الاتصالات السعودية STC', 'حراج الأجهزة']",0,0,0,0
2,69934766,للبيع ارقام سوا مميزة,جده,2021-01-30 18:12:34,2021-01-30 18:12:34,"['أرقام مميزة', 'ارقام مميزة من الاتصالات السعودية STC', 'حراج الأجهزة', 'كل الحراج']",0,52,0,0
3,69934730,رقمم مميز جدا ثنائي خماسي للبيع,جده,2021-01-30 18:11:53,2021-01-30 18:11:53,"['empty', 'أرقام مميزة', 'ارقام مميزة من الاتصالات السعودية STC', 'حراج الأجهزة']",1,0,0,0
4,69934166,رقم stc مميز,الشرقيه,2021-01-30 18:01:32,2021-01-30 18:01:32,"['أرقام مميزة', 'ارقام مميزة من الاتصالات السعودية STC', 'حراج الأجهزة']",0,23,0,400
5,69933913,شرايح موبايلي مجانا,المدينة,2021-01-30 17:56:12,2021-01-30 17:56:12,"['أرقام مميزة', 'ارقام مميزة من موبايلي Mobily', 'حراج الأجهزة']",0,0,0,0
6,69933861,ارقام  مميزة Stc,الرياض,2021-01-30 17:55:24,2021-01-30 17:55:24,"['أرقام مميزة', 'ارقام مميزة من الاتصالات السعودية STC', 'حراج الأجهزة']",0,2,0,0
7,69933796,رقم مميز 888,الطايف,2021-01-30 17:54:10,2021-01-30 17:54:10,"['أرقام مميزة', 'ارقام مميزة من زين Zain', 'حراج الأجهزة']",0,1,0,0
8,69933503,رقمين طقم مميزه,الرياض,2021-01-30 17:48:48,2021-01-30 17:48:48,"['أرقام مميزة', 'ارقام مميزة من الاتصالات السعودية STC', 'حراج الأجهزة', 'كل الحراج']",0,1,0,0
9,69933340,رقم مميز VIP,الرياض,2021-01-30 17:45:44,2021-01-30 17:45:44,"['أرقام مميزة', 'ارقام مميزة من موبايلي Mobily', 'حراج الأجهزة']",0,0,0,0
10,69933148,رقم مميز للبيع,الرياض,2021-01-30 17:42:47,2021-01-30 17:42:47,"['أرقام مميزة', 'ارقام مميزة من الاتصالات السعودية STC', 'حراج الأجهزة']",0,0,0,0
11,69932236,رقم مميز سوا stc عرض يوم واحد فقط,الشرقيه,2021-01-30 17:26:46,2021-01-30 17:26:46,"['أرقام مميزة', 'ارقام مميزة من الاتصالات السعودية STC', 'حراج الأجهزة']",0,0,0,0
12,69931784,مودم STC راوتر 4G هواويB535-932 Cat7,مكه,2021-01-30 17:19:00,2021-01-30 17:19:00,"['أرقام مميزة', 'ارقام مميزة من الاتصالات السعودية STC', 'حراج الأجهزة', 'كل الحراج']",0,0,0,0
13,69931687,رقم مميز جدا,الرياض,2021-01-30 17:17:08,2021-01-30 17:17:08,"['أرقام مميزة', 'ارقام مميزة من الاتصالات السعودية STC', 'حراج الأجهزة']",2,0,0,0
14,69931548,رقم مميز للبيع 0500505080,الرياض,2021-01-30 17:14:53,2021-01-30 17:14:53,"['أرقام مميزة', 'ارقام مميزة من الاتصالات السعودية STC', 'حراج الأجهزة']",0,0,0,500505080
15,69931473,للبيع رقم خمس خمسات STC,مكه,2021-01-30 17:13:33,2021-01-30 17:13:33,"['أرقام مميزة', 'ارقام مميزة من الاتصالات السعودية STC', 'حراج الأجهزة']",0,0,0,13000
16,69931359,راوتر STC مفكوك الشفرة,مكه,2021-01-30 17:11:38,2021-01-30 17:11:38,"['أرقام مميزة', 'ارقام مميزة من الاتصالات السعودية STC', 'حراج الأجهزة', 'كل الحراج']",0,0,0,0
17,69931323,ارقام سوا stc,جده,2021-01-30 17:10:56,2021-01-30 17:10:56,"['أرقام مميزة', 'ارقام مميزة من الاتصالات السعودية STC', 'حراج الأجهزة']",0,79,0,0
18,69931161,جميع مناطق الرياض,الرياض,2021-01-30 17:07:47,2021-01-30 17:07:47,"['أرقام مميزة', 'ارقام مميزة من الاتصالات السعودية STC', 'حراج الأجهزة']",1,1,0,0
19,69931141,ارقام سوا شحن سوا مميزه,جده,2021-01-30 17:07:27,2021-01-30 17:07:27,"['أرقام مميزة', 'ارقام مميزة من الاتصالات السعودية STC', 'حراج الأجهزة']",0,160,0,0
20,69923848,كهربائى مبانى,الشرقيه,2021-01-30 14:51:52,2021-01-30 14:51:52,"['Glove', 'Person', 'اوليمبوس Olympus', 'بلوزة', 'بنطال', 'حراج الأجهزة', 'حزام', 'خوذة']",0,0,0,0
21,69919537,راوتر 5G الجيل الخاميس,الرياض,2021-01-30 13:22:01,2021-01-30 13:22:01,"['Packaged goods', 'اوليمبوس Olympus', 'حراج الأجهزة']",1,0,0,0
22,69903805,بطريه قوي شبهوجديد,حفر الباطن,2021-01-30 01:22:00,2021-01-30 01:22:00,"['اوليمبوس Olympus', 'حراج الأجهزة']",4,0,0,0
23,69866524,ماوس وكيبورد,مكه,2021-01-29 10:08:06,2021-01-29 10:08:06,"['Luggage  bags', 'أجهزة منزلية', 'اوليمبوس Olympus', 'حراج الأجهزة', 'شنطة']",0,0,0,100
24,69861245,مكيف اسفلت,جده,2021-01-29 02:59:26,2021-01-29 02:59:26,"['اوليمبوس Olympus', 'حراج الأجهزة']",1,0,0,0
25,69853304,ثلاجه فرن براده مويه,الرياض,2021-01-28 22:11:08,2021-01-28 22:11:08,"['اوليمبوس Olympus', 'حراج الأجهزة']",2,0,0,0
26,69848473,هاك كونكر ببجي مبايل وداعا للباند,جده,2021-01-28 20:13:21,2021-01-28 20:13:21,"['Animal', 'اوليمبوس Olympus', 'حراج الأجهزة']",4,0,0,0
27,69792285,مكيف شباك جديد,جده,2021-01-27 18:13:59,2021-01-27 18:13:59,"['اوليمبوس Olympus', 'حراج الأجهزة']",5,0,0,700
28,69778253,جهاز عرض شاشة خارجية,الرياض,2021-01-27 13:41:05,2021-01-27 13:41:05,"['اوليمبوس Olympus', 'حراج الأجهزة']",1,0,0,250
29,69771681,كهربائى مبانى,الشرقيه,2021-01-27 11:12:43,2021-01-27 11:12:43,"['اوليمبوس Olympus', 'حراج الأجهزة']",0,0,0,0
30,69706123,كاميرا 12 بيكسل للبيع على السوم,القصيم,2021-01-25 23:56:51,2021-01-29 04:29:14,"['اوليمبوس Olympus', 'حراج الأجهزة']",0,0,0,0
31,69690242,كرسي لذوي الاحتياجات الخاصه,أبها,2021-01-25 18:30:38,2021-01-25 18:30:38,"['اوليمبوس Olympus', 'حراج الأجهزة']",0,0,0,0
32,69671555,اله عود موسيقيه,الرياض,2021-01-25 12:10:04,2021-01-25 12:10:04,"['اوليمبوس Olympus', 'حراج الأجهزة', 'كل الحراج']",1,0,0,400
33,69661853,تلفون تراثي,الرياض,2021-01-25 05:33:49,2021-01-25 05:33:49,"['اوليمبوس Olympus', 'حراج الأجهزة']",0,0,0,300
34,69649660,جهاز اوكسيجين ومقياس حراره,الرياض,2021-01-24 21:37:36,2021-01-24 21:37:36,"['ادوات طبخ', 'اوليمبوس Olympus', 'حراج الأجهزة']",2,0,0,0
35,69640074,مضخم لبيع,القصيم,2021-01-24 18:42:36,2021-01-24 18:42:36,"['اوليمبوس Olympus', 'حراج الأجهزة']",0,0,0,0
36,69617913,اكسجين,أبها,2021-01-24 11:10:44,2021-01-24 11:10:44,"['اوليمبوس Olympus', 'حراج الأجهزة']",0,0,0,0
37,69549424,حساب ببجي للبيع من السيزن 2,المدينة,2021-01-22 22:20:27,2021-01-22 22:20:27,"['اوليمبوس Olympus', 'حراج الأجهزة']",0,0,0,0
38,69547581,جهاز سير رياضي,مكه,2021-01-22 21:35:29,2021-01-22 21:35:29,"['اوليمبوس Olympus', 'حراج الأجهزة']",3,0,0,700
39,69935732,شاشة HITACHI نظيفه جدا,المدينة,2021-01-30 18:29:35,2021-01-30 18:29:35,"['حراج الأجهزة', 'هيتاشي Hitachi']",0,0,0,0
40,69908410,ثلاجة هيتاشي,الرياض,2021-01-30 06:00:32,2021-01-30 06:00:32,"['حراج الأجهزة', 'هيتاشي Hitachi']",0,0,0,0
41,69905594,فورن اردني,تبوك,2021-01-30 02:38:40,2021-01-30 02:38:40,"['حراج الأجهزة', 'هيتاشي Hitachi']",0,0,0,150
42,69905595,فورن اردني,تبوك,2021-01-30 02:38:40,2021-01-30 02:38:40,"['حراج الأجهزة', 'هيتاشي Hitachi']",0,0,0,150
43,69905546,جده حراج الصورايخ,جده,2021-01-30 02:36:32,2021-01-30 02:36:32,"['حراج الأجهزة', 'هيتاشي Hitachi']",1,0,0,0
44,69903366,غسالة هيتاشي 13 كيلو للبيع,الرياض,2021-01-30 01:05:00,2021-01-30 01:05:00,"['حراج الأجهزة', 'هيتاشي Hitachi']",0,0,0,0
45,69890814,ثلاجة توشيبا  14قدم وكنب مقاس4 5نظيف ,المدينة,2021-01-29 19:36:40,2021-01-29 19:36:40,"['حراج الأجهزة', 'هيتاشي Hitachi']",0,0,0,0
46,69885039,ثلاجة هيتاشي توشيبا LG سامسونج ثلاجات مخفضة,جده,2021-01-29 17:45:17,2021-01-29 17:45:17,"['ثلاجة', 'حراج الأجهزة', 'هيتاشي Hitachi']",2,0,0,0
47,69876021,ثلاجة هيتاشي للبيع نظيفه,المدينة,2021-01-29 14:46:58,2021-01-29 14:46:58,"['حراج الأجهزة', 'هيتاشي Hitachi']",7,0,0,300
48,69865297,ثلاجة هيتاشي حجم كبير تبريد ممتاز ما شاء الله,مكه,2021-01-29 08:32:47,2021-01-29 08:32:47,"['Packaged goods', 'حراج الأجهزة', 'هيتاشي Hitachi']",2,0,0,800
49,69864906,مكنسة هيتاشي,الرياض,2021-01-29 07:55:03,2021-01-29 07:55:03,"['أجهزة منزلية', 'حراج الأجهزة', 'هيتاشي Hitachi']",3,1,0,0
50,69858463,فريزر دولاب ,أبها,2021-01-29 00:56:41,2021-01-29 00:56:41,"['ثلاجة', 'حراج الأجهزة', 'هيتاشي Hitachi']",0,0,0,0
51,69847841,النسيم الغربي,الرياض,2021-01-28 19:59:10,2021-01-28 19:59:10,"['حراج الأجهزة', 'هيتاشي Hitachi']",1,0,0,0
52,69836379,الموقع القيصومه,حفر الباطن,2021-01-28 16:16:27,2021-01-28 16:16:27,"['حراج الأجهزة', 'هيتاشي Hitachi']",0,0,0,0
53,69823526,غسالة ملابس  مستعملة للبيع نوع هيتاشي,الرياض,2021-01-28 11:18:27,2021-01-28 11:18:27,"['حراج الأجهزة', 'هيتاشي Hitachi']",0,0,0,0
54,69817011,مكيفات حديثه,الرياض,2021-01-28 07:29:49,2021-01-28 07:29:49,"['حراج الأجهزة', 'هيتاشي Hitachi']",0,15,0,1550
55,69813296,ثلاجة هيتاشي الباب مفكوك,المدينة,2021-01-28 02:32:41,2021-01-28 02:32:41,"['حراج الأجهزة', 'كل الحراج', 'هيتاشي Hitachi']",0,0,0,0
56,69803717,حفر الباطن - اغراض مغسله   حد,الرياض,2021-01-27 21:45:52,2021-01-27 21:45:52,"['حراج الأجهزة', 'هيتاشي Hitachi']",1,0,0,0
57,69803046,ثلاجة هيتاشي تعمل بشكل ممتاز جدا,الرياض,2021-01-27 21:30:18,2021-01-27 21:30:18,"['حراج الأجهزة', 'هيتاشي Hitachi']",17,0,0,0
58,69796785,ثلاجة هيتاشى للبيع بحالة ممتازة,القصيم,2021-01-27 19:29:34,2021-01-27 19:29:34,"['حراج الأجهزة', 'كل الحراج', 'هيتاشي Hitachi']",9,0,0,0
59,69933830,تذاكر فيلم وقفة رجاله اليوم,جده,2021-01-30 17:54:47,2021-01-30 17:54:47,"['حراج الأجهزة', 'فوجي فيلم fujifilm']",0,0,0,0
60,69920009,كمره فوجي,الرياض,2021-01-30 13:31:41,2021-01-30 13:31:41,"['حراج الأجهزة', 'فوجي فيلم fujifilm', 'كل الحراج']",0,0,0,0
61,69918730,fujifilm xt20 camera,تبوك,2021-01-30 13:05:02,2021-01-30 13:05:02,"['حراج الأجهزة', 'فوجي فيلم fujifilm', 'كاميرا']",3,0,0,0
62,69907720,دراجه فوجي العالميه 8 سرعات خلفيه و3 اماميه,مكه,2021-01-30 04:55:32,2021-01-30 04:55:32,"['حراج الأجهزة', 'فوجي فيلم fujifilm', 'كل الحراج']",0,0,0,0
63,69876842,للبيع,القصيم,2021-01-29 15:03:51,2021-01-29 15:03:51,"['حراج الأجهزة', 'فوجي فيلم fujifilm']",1,0,0,0
64,69863996,كاميرا فوجي فلم تشتغل بالبطاريات للمبتدئين,المدينة,2021-01-29 06:32:31,2021-01-29 06:32:31,"['حراج الأجهزة', 'فوجي فيلم fujifilm']",0,0,0,0
65,69860805,fujifilm X-T1,الشرقيه,2021-01-29 02:36:37,2021-01-29 02:36:37,"['حراج الأجهزة', 'فوجي فيلم fujifilm']",0,0,0,1500
66,69816085,فين مكان اصلاح الكاميرا,ينبع,2021-01-28 06:20:18,2021-01-28 06:20:18,"['حراج الأجهزة', 'فوجي فيلم fujifilm']",1,0,0,0
67,69800868,للبيع كاميرا فوجي Fujifilm X-A5 Mirrorless,الرياض,2021-01-27 20:44:55,2021-01-27 20:44:55,"['حراج الأجهزة', 'فوجي فيلم fujifilm']",2,0,0,0
68,69793321,فرن كهرابائي مع شوايه داخليه,جده,2021-01-27 18:31:37,2021-01-27 18:31:37,"['حراج الأجهزة', 'فوجي فيلم fujifilm']",0,0,0,500
69,69784355,كاميرا فوري INSTAX MINI 9,الشرقيه,2021-01-27 15:49:09,2021-01-27 15:49:09,"['Packaged goods', 'Person', 'حراج الأجهزة', 'فوجي فيلم fujifilm']",1,0,0,250
70,69764660,كاميرا فوجي xt30 fujifilm xt30,القصيم,2021-01-27 07:18:46,2021-01-30 11:44:09,"['حراج الأجهزة', 'فوجي فيلم fujifilm']",0,0,0,0
71,69761708,دراجه فوجي العالميه نوع اسبليوت 8 سرعات,مكه,2021-01-27 03:12:31,2021-01-27 03:12:31,"['حراج الأجهزة', 'فوجي فيلم fujifilm', 'كل الحراج']",4,0,0,0
72,69730628,كاميرا فوريه,الرياض,2021-01-26 15:18:24,2021-01-26 15:18:24,"['حراج الأجهزة', 'فوجي فيلم fujifilm']",0,0,0,350
73,69724785,عدسة فوجي فلم FX16-55MM F2.8,الشرقيه,2021-01-26 13:09:26,2021-01-29 14:58:58,"['حراج الأجهزة', 'فوجي فيلم fujifilm', 'كل الحراج']",0,53,0,3500
74,69721041,عدسة فوجي فلم XF23MM F1.4,الشرقيه,2021-01-26 11:40:26,2021-01-26 11:40:26,"['حراج الأجهزة', 'فوجي فيلم fujifilm']",0,53,0,2500
75,69709798,كاميرا فورية الصناعة إمريكية,حفر الباطن,2021-01-26 02:04:48,2021-01-26 02:04:48,"['Packaged goods', 'حراج الأجهزة', 'فوجي فيلم fujifilm']",8,0,0,0
76,69655974,كيمرا تصوير شغاله شرط,مكه,2021-01-25 00:10:48,2021-01-25 00:10:48,"['حراج الأجهزة', 'فوجي فيلم fujifilm']",2,0,0,0
77,69628563,للبيع. طيارة تصوير. قو برو. سبارك.,الرياض,2021-01-24 15:11:56,2021-01-24 15:11:56,"['حراج الأجهزة', 'فوجي فيلم fujifilm']",0,0,0,0
78,69931113,عدسة باناسونيك لوميكس المميزة 12-60,الرياض,2021-01-30 17:07:09,2021-01-30 17:07:09,"['باناسونيك Panasonic', 'حراج الأجهزة', 'كاميرا']",0,0,0,0
79,69928672,باناسونيك هاتف لاسلكي,جده,2021-01-30 16:23:41,2021-01-30 16:23:41,"['باناسونيك Panasonic', 'حراج الأجهزة']",0,4,1,200
80,69927142,شاشة باناسونيك 39 بوصة,الرياض,2021-01-30 15:55:24,2021-01-30 15:55:24,"['باناسونيك Panasonic', 'تلفزيون', 'حراج الأجهزة']",2,0,0,0
81,69919356,للبيع مكنسه باناسونيك 15 لتر,جده,2021-01-30 13:17:59,2021-01-30 13:17:59,"['باناسونيك Panasonic', 'حراج الأجهزة']",0,0,0,0
82,69919164,شاشة باناسونيك 42 بوصه,جده,2021-01-30 13:13:55,2021-01-30 13:13:55,"['باناسونيك Panasonic', 'حراج الأجهزة']",1,0,0,0
83,69911412,طابعة فواتير ابسون LQ 2180,الرياض,2021-01-30 09:21:52,2021-01-30 09:21:52,"['باناسونيك Panasonic', 'حراج الأجهزة']",0,1,0,0
84,69906904,ايجار سيوف وسماعات باسعار رمزيه,جده,2021-01-30 03:53:06,2021-01-30 03:53:06,"['باناسونيك Panasonic', 'حراج الأجهزة']",0,0,0,0
85,69905597,تيلفونات,الرياض,2021-01-30 02:38:45,2021-01-30 02:38:45,"['باناسونيك Panasonic', 'حراج الأجهزة']",5,0,0,0
86,69905255,تلفزيون باناسونيك 32 بوصه اصلي شغال ونظيف,مكه,2021-01-30 02:23:11,2021-01-30 02:23:11,"['باناسونيك Panasonic', 'حراج الأجهزة']",2,0,0,0
87,69903966,مسرح منزلي,مكه,2021-01-30 01:28:15,2021-01-30 01:28:15,"['باناسونيك Panasonic', 'حراج الأجهزة']",8,0,0,0
88,69901761,تلفزيون 55 بوصة نظيف,الشرقيه,2021-01-30 00:10:27,2021-01-30 00:10:27,"['باناسونيك Panasonic', 'حراج الأجهزة']",6,0,0,0
89,69900268,شاشة باناسونيك,مكه,2021-01-29 23:24:25,2021-01-29 23:24:25,"['باناسونيك Panasonic', 'حراج الأجهزة']",0,0,0,600
90,69898072,تلفزيون panasonic 42 بوصة,الرياض,2021-01-29 22:23:25,2021-01-29 22:23:25,"['Person', 'باناسونيك Panasonic', 'حراج الأجهزة']",0,0,0,800
91,69897393,مسرح منزلي - البيع لأعلى سوم,الرياض,2021-01-29 22:06:02,2021-01-29 22:06:02,"['أجهزة منزلية', 'باناسونيك Panasonic', 'حراج الأجهزة']",7,3,0,0
92,69895340,ثلاجه دولابي,جده,2021-01-29 21:16:10,2021-01-29 21:16:10,"['باناسونيك Panasonic', 'حراج الأجهزة']",0,0,0,0
93,69895061,غسالة باناسونيك 12 كيلو,مكه,2021-01-29 21:10:57,2021-01-29 21:10:57,"['باناسونيك Panasonic', 'حراج الأجهزة']",3,13,0,0
94,69892515,مسجلات باناسونيك صغيرة و ستيريو,الرياض,2021-01-29 20:12:36,2021-01-29 20:12:36,"['باناسونيك Panasonic', 'حراج الأجهزة']",0,10,0,300
95,69890681,مكنسة كهربائية Panasonic اصلي 1600 واط,مكه,2021-01-29 19:34:20,2021-01-29 19:34:20,"['Packaged goods', 'باناسونيك Panasonic', 'حراج الأجهزة']",2,0,0,100
96,69887628,اسحب رصيد المشتريات كاش,المدينة,2021-01-29 18:37:28,2021-01-29 18:37:28,"['باناسونيك Panasonic', 'حراج الأجهزة', 'كل الحراج']",0,8,0,0
97,69887349,للبيع غسالة بانوسونيك اوتوماتيكية,الرياض,2021-01-29 18:32:19,2021-01-29 18:32:19,"['2D barcode', 'باناسونيك Panasonic', 'حراج الأجهزة']",1,0,0,0
98,69934555,الدوادمي,الرياض,2021-01-30 18:08:26,2021-01-30 18:08:26,"['ايسر Acer', 'حراج الأجهزة']",0,1,0,0
99,69934391,Nitro 5 لابتوب العاب,الرياض,2021-01-30 18:05:45,2021-01-30 18:05:45,"['ايسر Acer', 'حراج الأجهزة', 'لاب توب']",0,0,0,4000
100,69931871,لاب توب ايسر معالج core5 استعمال نظيييف,جده,2021-01-30 17:20:35,2021-01-30 17:20:35,"['ايسر Acer', 'حراج الأجهزة']",0,0,0,1700
101,69931697,شاشة العاب احترافية ايسر Acer Nitro VG270 Pbiip 27,جده,2021-01-30 17:17:15,2021-01-30 17:17:15,"['ايسر Acer', 'حراج الأجهزة']",2,0,0,0
102,69924855,لاب توب العاب,الرياض,2021-01-30 15:11:18,2021-01-30 15:11:18,"['ايسر Acer', 'حراج الأجهزة']",1,0,0,0
103,69921607,لابتوب أيسر جديد,المدينة,2021-01-30 14:05:33,2021-01-30 14:05:33,"['ايسر Acer', 'حراج الأجهزة']",0,0,0,2500
104,69920615,برنامج اوتوكاد او ثري دي او الريفيت ب30ريال,مكه,2021-01-30 13:43:47,2021-01-30 13:43:47,"['ايسر Acer', 'حراج الأجهزة', 'لمبة']",0,0,0,0
105,69907985,شاشات كمبيوتر,المدينة,2021-01-30 05:20:06,2021-01-30 05:20:06,"['ايسر Acer', 'حراج الأجهزة']",0,4,0,0
106,69906654,ل البيع لابتوب ايسر Nitro 5 Gaming Labtop,عرعر,2021-01-30 03:36:30,2021-01-30 03:36:30,"['Packaged goods', 'ايسر Acer', 'حراج الأجهزة', 'كيبورد']",4,0,0,0
107,69903505,شاشة قيمنق,الرياض,2021-01-30 01:09:54,2021-01-30 01:09:54,"['ايسر Acer', 'حراج الأجهزة']",0,0,0,0
108,69902637,اجهزه مكتبي ديل,حائل,2021-01-30 00:40:16,2021-01-30 00:40:16,"['ايسر Acer', 'حراج الأجهزة']",0,5,0,450
109,69901802,لاب توب ايسر بسعر مغري,مكه,2021-01-30 00:11:57,2021-01-30 00:11:57,"['ايسر Acer', 'حراج الأجهزة', 'كيبورد', 'لاب توب']",4,0,0,0
110,69890873,لاب توب 16 رام سداسي النواه i7 8750H,الرياض,2021-01-29 19:37:59,2021-01-29 19:37:59,"['ايسر Acer', 'حراج الأجهزة', 'كيبورد']",0,0,0,3700
111,69878539,لاب توب ايسر شبه جديد,جده,2021-01-29 15:37:46,2021-01-29 15:37:46,"['Packaged goods', 'ايسر Acer', 'حراج الأجهزة', 'كيبورد']",4,0,0,0
112,69867556,ظهران الجنوب,نجران,2021-01-29 11:04:16,2021-01-29 11:04:16,"['ايسر Acer', 'حراج الأجهزة']",0,0,0,700
113,69866810,الرياض -   جهاز لابتوب ecer,الرياض,2021-01-29 10:25:25,2021-01-29 10:25:25,"['ايسر Acer', 'حراج الأجهزة']",0,0,0,400
114,69860137,كمبيوتر مكتبي كامل كور اي 5,القصيم,2021-01-29 02:04:46,2021-01-29 02:04:46,"['ايسر Acer', 'حراج الأجهزة']",3,2,0,1000
115,69858028,لاب توب ايسر,تبوك,2021-01-29 00:40:48,2021-01-29 00:40:48,"['ايسر Acer', 'حراج الأجهزة']",0,0,0,0
116,69853249,كمبيوتر مكتبي ديل كامل,حائل,2021-01-28 22:09:42,2021-01-28 22:09:42,"['ايسر Acer', 'حراج الأجهزة']",0,5,0,450
117,69828582,جهاز ايسر,الرياض,2021-01-28 13:21:46,2021-01-28 13:21:46,"['ايسر Acer', 'حراج الأجهزة']",2,0,0,0
118,69935742,عود مصري للبيع,جده,2021-01-30 18:29:45,2021-01-30 18:29:45,"['اسوس Asus', 'حراج الأجهزة', 'كل الحراج']",0,0,0,500
119,69934301,للبيع لاب توب اسوس,حفر الباطن,2021-01-30 18:04:13,2021-01-30 18:04:13,"['اسوس Asus', 'حراج الأجهزة', 'كل الحراج']",8,19,0,0
120,69934068,عطر غيرلان هيرتاج Guerlain جديد اصلي,الشرقيه,2021-01-30 17:59:22,2021-01-30 17:59:22,"['اسوس Asus', 'حراج الأجهزة']",0,0,0,0
121,69933233,للبيع تجميعة pc,جده,2021-01-30 17:44:11,2021-01-30 17:44:11,"['Packaged goods', 'اسوس Asus', 'حراج الأجهزة']",0,0,0,3600
122,69930220,رد دوت,المدينة,2021-01-30 16:51:15,2021-01-30 16:51:15,"['اسوس Asus', 'حراج الأجهزة', 'كل الحراج']",0,0,0,0
123,69929113,عود موسيقي للبيع,الرياض,2021-01-30 16:31:38,2021-01-30 16:31:38,"['اسوس Asus', 'حراج الأجهزة', 'كل الحراج']",2,0,0,0
124,69928120,عود موسيقي,الشرقيه,2021-01-30 16:14:14,2021-01-30 16:14:14,"['اسوس Asus', 'حراج الأجهزة', 'كل الحراج']",0,0,0,3000
125,69927643,اسوس روق 2 asus rog,مكه,2021-01-30 16:04:55,2021-01-30 16:04:55,"['اسوس Asus', 'حراج الأجهزة']",0,0,0,0
126,69927401,عود موسيقي بحريني,الشرقيه,2021-01-30 16:00:00,2021-01-30 16:00:00,"['اسوس Asus', 'حراج الأجهزة']",1,0,0,0
127,69925433,عود موسيقي تعليمي وعزف نص لوكس لمع لصناع مدحت,الرياض,2021-01-30 15:21:57,2021-01-30 15:21:57,"['اسوس Asus', 'حراج الأجهزة', 'كل الحراج']",0,39,0,450
128,69924921,لابتوب العاب اسوس,الشرقيه,2021-01-30 15:12:36,2021-01-30 15:12:36,"['اسوس Asus', 'حراج الأجهزة']",3,3,0,0
129,69924048,PC Streaming For Streaming لحق عليه,الرياض,2021-01-30 14:55:48,2021-01-30 14:55:48,"['اسوس Asus', 'حراج الأجهزة']",0,0,0,2500
130,69923766,بي سي العاب سعر مناسب,جده,2021-01-30 14:50:23,2021-01-30 14:50:23,"['اسوس Asus', 'حراج الأجهزة']",0,7,0,0
131,69923543,عود مصري موسيقي,القصيم,2021-01-30 14:46:10,2021-01-30 14:46:10,"['اسوس Asus', 'بيانو', 'حراج الأجهزة', 'مخده']",0,0,0,1800
132,69923040,للبيع اي 7 جيل 6 مع بورد,مكه,2021-01-30 14:35:28,2021-01-30 14:35:28,"['اسوس Asus', 'حراج الأجهزة']",0,6,0,0
133,69921395,شاشة اسوس 165hz,الشرقيه,2021-01-30 14:01:11,2021-01-30 14:01:11,"['Animal', 'Packaged goods', 'اسوس Asus', 'حراج الأجهزة', 'صورة']",0,0,0,0
134,69918846,Laptop Gaming ASUS G752 64GB RAM,جده,2021-01-30 13:07:30,2021-01-30 13:07:30,"['اسوس Asus', 'جهاز إلكتروني', 'حراج الأجهزة']",0,0,0,0
135,69916252,كيس ASUS TUF GT501,جده,2021-01-30 12:04:25,2021-01-30 12:04:25,"['اسوس Asus', 'حراج الأجهزة']",0,0,0,0
136,69916021,كرت شاشة 2060(مطلوووب),الرياض,2021-01-30 11:58:10,2021-01-30 11:58:10,"['اسوس Asus', 'حراج الأجهزة']",0,0,0,0
137,69915285,جيتار قيتار ياماها مع قاعدة و كابو,الرياض,2021-01-30 11:37:59,2021-01-30 11:37:59,"['اسوس Asus', 'حراج الأجهزة', 'كل الحراج']",0,0,0,0
138,69935740,راوتر هواوي للبيع,مكه,2021-01-30 18:29:43,2021-01-30 18:29:43,"['حراج الأجهزة', 'هواوي Huawei']",0,0,0,0
139,69935691,ساعة ذكيه هواوي هونر Band 5,مكه,2021-01-30 18:28:58,2021-01-30 18:28:58,"['حراج الأجهزة', 'ساعة', 'هواوي Huawei']",0,1,0,0
140,69935677,هواوي ميت 20 برو,القصيم,2021-01-30 18:28:44,2021-01-30 18:28:44,"['حراج الأجهزة', 'هواوي Huawei']",0,0,0,0
141,69935602,جوال هواوي Y8s لون تيفاني,تبوك,2021-01-30 18:27:42,2021-01-30 18:27:42,"['حراج الأجهزة', 'هواوي Huawei']",1,0,0,0
142,69935519,خدمات قوقل مضمونة 20 ريال,الرياض,2021-01-30 18:26:13,2021-01-30 18:26:13,"['توله', 'حراج الأجهزة', 'هواوي Huawei']",0,0,0,20
143,69935515,تابلت هواوي ميديا باد t3,جيزان,2021-01-30 18:25:58,2021-01-30 18:25:58,"['حراج الأجهزة', 'هواوي Huawei']",0,0,0,0
144,69935460,راوتر هواوي جديد لم يستخدم,الرياض,2021-01-30 18:24:57,2021-01-30 18:24:57,"['حراج الأجهزة', 'هواوي Huawei']",0,0,0,0
145,69935351,ماي فاي فايف جي,جده,2021-01-30 18:23:03,2021-01-30 18:23:03,"['حراج الأجهزة', 'كل الحراج', 'هواوي Huawei']",0,0,0,950
146,69935311,هواوي y6,القصيم,2021-01-30 18:22:18,2021-01-30 18:22:18,"['حراج الأجهزة', 'هواوي Huawei']",1,0,0,0
147,69935276,فريزة (راوتر) كراون 2100 واط   ريش بوش,الرياض,2021-01-30 18:21:38,2021-01-30 18:21:38,"['حراج الأجهزة', 'كل الحراج', 'هواوي Huawei']",0,0,0,650
148,69935116,ساعة هواوي جي تو,الشرقيه,2021-01-30 18:18:34,2021-01-30 18:18:34,"['حراج الأجهزة', 'هواوي Huawei']",1,0,0,0
149,69935081,هواوي نوفا 7 اعلى فئه,جده,2021-01-30 18:17:56,2021-01-30 18:17:56,"['حراج الأجهزة', 'هواوي Huawei']",0,5,0,0
150,69935056,هواوي P30برو ابيض لؤلؤي,الرياض,2021-01-30 18:17:26,2021-01-30 18:17:26,"['حراج الأجهزة', 'هواوي Huawei']",0,14,0,0
151,69935010,ساعة هواوي GT 2 Pro,الرياض,2021-01-30 18:16:41,2021-01-30 18:16:41,"['1D barcode', 'Packaged goods', 'حراج الأجهزة', 'هواوي Huawei']",1,0,0,0
152,69934880,شريحة زين نت مفتوح,الطايف,2021-01-30 18:14:23,2021-01-30 18:14:23,"['حراج الأجهزة', 'هواوي Huawei']",0,0,0,0
153,69934579,هواوي P30 PRO اسود,مكه,2021-01-30 18:09:04,2021-01-30 18:09:04,"['حراج الأجهزة', 'كل الحراج', 'هواوي Huawei']",0,0,0,0
154,69934503,مودم 5G زين,القصيم,2021-01-30 18:07:28,2021-01-30 18:07:28,"['حراج الأجهزة', 'هواوي Huawei']",0,0,0,0
155,69934233,راوتر 5G هواوي مفتوح وضمان STC,الشرقيه,2021-01-30 18:02:53,2021-01-30 18:02:53,"['حراج الأجهزة', 'هواوي Huawei']",1,0,0,0
156,69934110,HUAEI,الرياض,2021-01-30 18:00:30,2021-01-30 18:00:30,"['حراج الأجهزة', 'هواوي Huawei']",1,0,0,0
157,69934048,ساعة ذكية Honor Watch GS Pro,الشرقيه,2021-01-30 17:58:58,2021-01-30 17:58:58,"['حراج الأجهزة', 'هواوي Huawei']",0,0,0,0
158,69935291,لابتوب مستعمل - ديل i5,مكه,2021-01-30 18:21:54,2021-01-30 18:21:54,"['حراج الأجهزة', 'ديل DELL', 'كيبورد']",0,0,0,0
159,69935060,على اليوتيوب,الرياض,2021-01-30 18:17:28,2021-01-30 18:17:28,"['حراج الأجهزة', 'ديل DELL', 'كل الحراج']",0,0,0,0
160,69935029,كمبيوتر مكتبي i3 كاشير كامل,الجوف,2021-01-30 18:17:01,2021-01-30 18:17:01,"['حراج الأجهزة', 'ديل DELL', 'كل الحراج']",0,0,0,0
161,69934923,كمبيوتر مكتبي DELL,جده,2021-01-30 18:15:09,2021-01-30 18:15:09,"['حراج الأجهزة', 'ديل DELL']",0,49,0,0
162,69934727,كمبيوتر مكتبي,الشرقيه,2021-01-30 18:11:52,2021-01-30 18:11:52,"['حراج الأجهزة', 'ديل DELL']",0,1,0,0
163,69934548,لابتوب ديل حبتين,الرياض,2021-01-30 18:08:19,2021-01-30 18:08:19,"['حراج الأجهزة', 'ديل DELL', 'لاب توب']",0,0,0,0
164,69933558,كمبيوتر بحجم صغير ومواصفات عاليه,جده,2021-01-30 17:49:47,2021-01-30 17:49:47,"['حراج الأجهزة', 'ديل DELL']",0,22,0,1400
165,69932363,للبيع لاب توب جيمنج Hp بموصفات جباره,جده,2021-01-30 17:29:09,2021-01-30 17:29:09,"['حراج الأجهزة', 'ديل DELL', 'كل الحراج']",0,2,0,0
166,69931730,جهاز كمبيوتر مكتبي i5 ديل,الرياض,2021-01-30 17:17:48,2021-01-30 17:17:48,"['حراج الأجهزة', 'ديل DELL', 'شاشة', 'كيبورد']",0,0,0,750
167,69931625,كمبيوتر مكتبيintel core 2 duo  - ب 200 ريال,ينبع,2021-01-30 17:16:04,2021-01-30 17:16:04,"['حراج الأجهزة', 'ديل DELL']",0,0,0,0
168,69930324,حي الوزيرية,جده,2021-01-30 16:52:56,2021-01-30 16:52:56,"['حراج الأجهزة', 'ديل DELL']",0,0,0,0
169,69929684,كمبيوتر ( hp ) مكتبي للبيع,الجوف,2021-01-30 16:41:30,2021-01-30 16:41:30,"['حراج الأجهزة', 'ديل DELL']",0,26,0,0
170,69929484,كمبيوتر مكتبي DELL مستخدم و نظيف,جده,2021-01-30 16:37:54,2021-01-30 16:37:54,"['حراج الأجهزة', 'ديل DELL']",2,3,0,0
171,69929189,كمبيوتر مكتبي للبيع يواجد اكثر من نوع,جده,2021-01-30 16:32:47,2021-01-30 16:32:47,"['حراج الأجهزة', 'ديل DELL']",0,6,0,0
172,69927387,لابتوب ديل نظام ويندوز استعمال نظيف,الرياض,2021-01-30 15:59:43,2021-01-30 15:59:43,"['Packaged goods', 'حراج الأجهزة', 'ديل DELL', 'كيبورد']",0,0,0,0
173,69927221,الرياض - شاشات كمبيوترات,الرياض,2021-01-30 15:56:51,2021-01-30 15:56:51,"['حراج الأجهزة', 'ديل DELL']",0,0,0,0
174,69927186,للبيع كمبيوترات pc مكتبيه   شاشات سامسونج,الرياض,2021-01-30 15:56:10,2021-01-30 15:56:10,"['حراج الأجهزة', 'ديل DELL', 'كل الحراج']",0,0,0,0
175,69927043,أجهزة لابتوب hp  amp  Dellجديدة بأسعار منافسة,جده,2021-01-30 15:53:17,2021-01-30 15:53:17,"['حراج الأجهزة', 'ديل DELL']",1,0,0,1900
176,69925526,شاشة PC Dell 27 انش,مكه,2021-01-30 15:23:42,2021-01-30 15:23:42,"['حراج الأجهزة', 'ديل DELL']",0,0,0,850
177,69925064,لاب توب ديل Dell,جده,2021-01-30 15:15:28,2021-01-30 15:15:28,"['حراج الأجهزة', 'ديل DELL']",0,0,0,0
178,69933210,ثلاجه توشيبا للبيع,الرياض,2021-01-30 17:43:45,2021-01-30 17:43:45,"['توشيبا Toshiba', 'حراج الأجهزة']",1,0,0,0
179,69931217,ثلاجة توشيبا 11 قدم,جده,2021-01-30 17:08:53,2021-01-30 17:08:53,"['توشيبا Toshiba', 'ثلاجة', 'حراج الأجهزة']",0,0,0,400
180,69928583,لابتوب توشيبا لا يعمل,الرياض,2021-01-30 16:22:14,2021-01-30 16:22:14,"['توشيبا Toshiba', 'حراج الأجهزة']",0,0,0,0
181,69926975,غسالة توشيبا 6.50,تبوك,2021-01-30 15:51:57,2021-01-30 15:51:57,"['توشيبا Toshiba', 'حراج الأجهزة']",0,1,0,0
182,69926089,غسالة توشيبا,المدينة,2021-01-30 15:35:24,2021-01-30 15:35:24,"['توشيبا Toshiba', 'حراج الأجهزة']",0,0,0,0
183,69923533,غسالة توشيبا وسماعات مكبر صوت,الطايف,2021-01-30 14:45:58,2021-01-30 14:45:58,"['توشيبا Toshiba', 'حراج الأجهزة']",0,1,0,0
184,69923308,تلفزيون Toshiba,الطايف,2021-01-30 14:41:16,2021-01-30 14:41:16,"['Person', 'تلفزيون', 'توشيبا Toshiba', 'حراج الأجهزة', 'ملابس']",0,0,0,0
185,69919690,شاشة,تبوك,2021-01-30 13:25:17,2021-01-30 13:25:17,"['توشيبا Toshiba', 'حراج الأجهزة']",5,0,0,0
186,69916704,لابتوب توشيبا بصوت عالي,الرياض,2021-01-30 12:16:24,2021-01-30 12:16:24,"['توشيبا Toshiba', 'حراج الأجهزة']",0,2,0,0
187,69912103,الرياض طريق الملك عبد العزيز,الرياض,2021-01-30 09:48:14,2021-01-30 09:48:14,"['توشيبا Toshiba', 'حراج الأجهزة']",0,0,0,250
188,69910218,لاب توب,الشرقيه,2021-01-30 08:27:01,2021-01-30 08:27:01,"['توشيبا Toshiba', 'حراج الأجهزة']",3,0,0,0
189,69908265,لاب توب توشيبا,جده,2021-01-30 05:46:20,2021-01-30 05:46:20,"['توشيبا Toshiba', 'حراج الأجهزة']",1,0,0,700
190,69906685,تلفزيون توشيبا سمارت شبه جديد 65 بوصه,الرياض,2021-01-30 03:38:18,2021-01-30 03:38:18,"['توشيبا Toshiba', 'حراج الأجهزة']",13,0,0,0
191,69906326,لابتوب توشيبا,الشرقيه,2021-01-30 03:15:10,2021-01-30 03:15:10,"['Animal', 'توشيبا Toshiba', 'حراج الأجهزة', 'كيبورد', 'لاب توب']",6,0,0,1000
192,69905412,غساله توشيبا 300ريال,جده,2021-01-30 02:30:30,2021-01-30 02:30:30,"['توشيبا Toshiba', 'حراج الأجهزة']",2,0,0,0
193,69904444,هارديسك توشيبا داخلي 1 تيرابايت مع كيبل ساتا,الشرقيه,2021-01-30 01:47:21,2021-01-30 01:47:21,"['Packaged goods', 'توشيبا Toshiba', 'حراج الأجهزة']",0,0,0,0
194,69904335,الشاشة توشيبا 55بوصة اسمارت,جده,2021-01-30 01:42:45,2021-01-30 01:42:45,"['2D barcode', 'توشيبا Toshiba', 'حراج الأجهزة']",9,0,0,0
195,69904111,توشيبا شاشة,الشرقيه,2021-01-30 01:34:21,2021-01-30 01:34:21,"['تلفزيون', 'توشيبا Toshiba', 'حراج الأجهزة']",2,0,0,400
196,69901530,لابتوب توشيبا   جهاز راوتر متنقل STC,جده,2021-01-30 00:03:01,2021-01-30 00:03:01,"['توشيبا Toshiba', 'حراج الأجهزة']",6,0,0,500
197,69900355,غسالة توشيبا نظيفة,الرياض,2021-01-29 23:27:07,2021-01-29 23:27:07,"['توشيبا Toshiba', 'حراج الأجهزة', 'غسالة']",1,0,0,600
198,69931691,Htc u11 نظييف,الرياض,2021-01-30 17:17:09,2021-01-30 17:17:09,"['اتش تي سي htc', 'حراج الأجهزة', 'كل الحراج']",0,0,0,0
199,69930252,جوال للبيع,الرياض,2021-01-30 16:51:56,2021-01-30 16:51:56,"['اتش تي سي htc', 'حراج الأجهزة']",7,4,0,0
200,69924714,نظارة الواقع الافتراضي HTC Vice VR للبيع,جده,2021-01-30 15:08:40,2021-01-30 15:08:40,"['اتش تي سي htc', 'حراج الأجهزة']",1,0,0,1500
201,69907400,مكه المكرمه,مكه,2021-01-30 04:29:04,2021-01-30 04:29:04,"['اتش تي سي htc', 'حراج الأجهزة']",1,0,0,400
202,69888474,لابتوب اتش بي سعر الشراء ب 1800,الرياض,2021-01-29 18:53:17,2021-01-29 18:53:17,"['اتش تي سي htc', 'حراج الأجهزة']",5,0,0,0
203,69884029,لابتوب hp,القصيم,2021-01-29 17:24:35,2021-01-29 17:24:35,"['اتش تي سي htc', 'حراج الأجهزة', 'كل الحراج']",4,2,0,0
204,69859176,شاشة اتش تي سي u11 وu12 وhtc desire (بانواعه),الطايف,2021-01-29 01:25:04,2021-01-30 01:28:30,"['اتش تي سي htc', 'حراج الأجهزة']",2,44,0,0
205,69851621,انا أبغى طيبون اتش ون 2007,جده,2021-01-28 21:26:22,2021-01-28 21:26:22,"['اتش تي سي htc', 'حراج الأجهزة']",0,0,0,0
206,69824882,جوال اتش تي سي HTC 820 PLUS,جده,2021-01-28 11:54:55,2021-01-28 11:54:55,"['اتش تي سي htc', 'حراج الأجهزة']",4,0,0,250
207,69811733,الموقع القيصومه,حفر الباطن,2021-01-28 01:23:02,2021-01-28 01:23:02,"['اتش تي سي htc', 'حراج الأجهزة']",0,0,0,0
208,69810866,3 شواحن تايب سي متر ونص 3 شواحن ماكرو متر ونص,الرياض,2021-01-28 00:53:41,2021-01-28 00:53:41,"['اتش تي سي htc', 'حراج الأجهزة']",0,0,0,0
209,69809440,كينسينجتون في بي 4000 لدقة 4 كي DisplayPort t,الرياض,2021-01-28 00:09:10,2021-01-28 00:09:10,"['1D barcode', 'Packaged goods', 'اتش تي سي htc', 'حراج الأجهزة']",0,0,0,0
210,69802281,نظارة الواقع الافتراضي HTC Vive VR للبيع,الرياض,2021-01-27 21:14:36,2021-01-27 21:14:36,"['Packaged goods', 'اتش تي سي htc', 'حراج الأجهزة']",3,0,0,0
211,69784964,موزع منافذ usb بلايستيشن 4,الرياض,2021-01-27 16:01:06,2021-01-27 16:01:06,"['اتش تي سي htc', 'حراج الأجهزة']",1,0,0,50
212,69781736,جوال HTC للبيع,أبها,2021-01-27 14:55:43,2021-01-27 14:55:43,"['اتش تي سي htc', 'حراج الأجهزة']",4,0,0,0
213,69775162,جوال htc 32gb لون اسود,الرياض,2021-01-27 12:33:24,2021-01-27 12:33:24,"['اتش تي سي htc', 'حراج الأجهزة']",3,0,0,300
214,69768444,سماعات ذات صوت عالي ومايك,مكه,2021-01-27 09:51:50,2021-01-27 09:51:50,"['اتش تي سي htc', 'حراج الأجهزة']",7,1,0,0
215,69754155,هاردسك سعة 24 تيرابايت,جيزان,2021-01-26 22:47:06,2021-01-26 22:47:06,"['اتش تي سي htc', 'حراج الأجهزة']",0,1,0,5000
216,69751480,Htc u11 اتش تي سي جديد,جده,2021-01-26 21:46:05,2021-01-26 21:46:05,"['اتش تي سي htc', 'حراج الأجهزة']",5,38,0,0
217,69743090,سماعات جديده الفاتوره موجود كامل كما في صوره,مكه,2021-01-26 19:07:33,2021-01-26 19:07:33,"['اتش تي سي htc', 'حراج الأجهزة']",3,0,0,0
218,69933512,كاميرا نيكون ومعداتها,الشرقيه,2021-01-30 17:48:56,2021-01-30 17:48:56,"['حراج الأجهزة', 'نيكون nikon']",0,0,0,3000
219,69932924,كامره نيكون,جده,2021-01-30 17:38:47,2021-01-30 17:38:47,"['حراج الأجهزة', 'نيكون nikon']",2,0,0,0
220,69932355,نيكون P1000,الرياض,2021-01-30 17:29:03,2021-01-30 17:29:03,"['حراج الأجهزة', 'كاميرا', 'نيكون nikon']",0,0,0,0
221,69931671,كاميرا نيكون,الشرقيه,2021-01-30 17:16:52,2021-01-30 17:16:52,"['حراج الأجهزة', 'كل الحراج', 'نيكون nikon']",4,0,0,0
222,69925466,كاميره نيكون,حائل,2021-01-30 15:22:25,2021-01-30 15:22:25,"['حراج الأجهزة', 'نيكون nikon']",2,0,0,0
223,69924571,nikon 7100D,الرياض,2021-01-30 15:06:00,2021-01-30 15:06:00,"['حراج الأجهزة', 'نيكون nikon']",4,0,0,0
224,69921353,D40 nikon,الشرقيه,2021-01-30 14:00:13,2021-01-30 14:00:13,"['حراج الأجهزة', 'كل الحراج', 'نيكون nikon']",0,0,0,600
225,69920498,للبيع كاميرا,الطايف,2021-01-30 13:41:34,2021-01-30 13:41:34,"['حراج الأجهزة', 'كاميرا', 'نيكون nikon']",0,13,0,0
226,69915332,جهاز كشف المعادن للبيع,جده,2021-01-30 11:39:21,2021-01-30 11:39:21,"['حراج الأجهزة', 'نيكون nikon']",0,0,0,0
227,69913406,كميرا احترافيه NiKon,الطايف,2021-01-30 10:35:31,2021-01-30 10:35:31,"['حراج الأجهزة', 'نيكون nikon']",0,0,0,1500
228,69913093,كاميره نيكون.5300,حائل,2021-01-30 10:24:57,2021-01-30 10:24:57,"['حراج الأجهزة', 'عدسة كاميرا', 'نيكون nikon']",0,0,0,0
229,69905676,عدسة نيكون 70-300,جده,2021-01-30 02:42:16,2021-01-30 02:42:16,"['حراج الأجهزة', 'نيكون nikon']",0,0,0,350
230,69905011,كام نيكون D90 استخدام بسيط,حائل,2021-01-30 02:10:35,2021-01-30 02:10:35,"['حراج الأجهزة', 'نيكون nikon']",0,0,0,0
231,69903856,كاميرا نيكون D3400,نجران,2021-01-30 01:24:06,2021-01-30 01:24:06,"['Luggage  bags', 'حراج الأجهزة', 'كاميرا', 'نيكون nikon']",2,0,0,1200
232,69902905,يد نيكون رفلوشن برو,المدينة,2021-01-30 00:48:54,2021-01-30 00:48:54,"['Packaged goods', 'حراج الأجهزة', 'نيكون nikon']",0,0,0,300
233,69898440,جديده نيكون للبيع,الطايف,2021-01-29 22:33:22,2021-01-29 22:33:22,"['حراج الأجهزة', 'نيكون nikon']",0,0,0,2000
234,69894830,ناضور دربيل,مكه,2021-01-29 21:05:07,2021-01-29 21:05:07,"['حراج الأجهزة', 'نيكون nikon']",1,0,0,1500
235,69894329,Nikonللبيعp520,الشرقيه,2021-01-29 20:52:30,2021-01-29 20:52:30,"['حراج الأجهزة', 'نيكون nikon']",0,0,0,0
236,69892923,استديو و مسلتزمات تصوير Godox400,المدينة,2021-01-29 20:21:42,2021-01-29 20:21:42,"['حراج الأجهزة', 'نيكون nikon']",4,0,0,0
237,69891782,ذاكرة كاميرا للبيع,جده,2021-01-29 19:56:47,2021-01-29 19:56:47,"['حراج الأجهزة', 'نيكون nikon']",0,0,0,25
238,69935669,قراند الحياة الواقعية عن بعد وبيع العاب بي سي,الرياض,2021-01-30 18:28:39,2021-01-30 18:28:39,"['حراج الأجهزة', 'سورفس Surface', 'كل الحراج', 'مايكروسوفت Microsoft']",0,12,0,0
239,69935479,اشرطة اكس بوكس ون,حائل,2021-01-30 18:25:15,2021-01-30 18:25:15,"['حراج الأجهزة', 'مايكروسوفت Microsoft']",0,0,0,0
240,69934268,شريط فورزا 7 موتر سبورت,الرياض,2021-01-30 18:03:33,2021-01-30 18:03:33,"['حراج الأجهزة', 'مايكروسوفت Microsoft']",0,0,0,0
241,69934133,xbox eliteيدة اكس بوكس اليت 1,الرياض,2021-01-30 18:00:55,2021-01-30 18:00:55,"['حراج الأجهزة', 'مايكروسوفت Microsoft']",0,0,0,750
242,69933852,اشتراكات في اقل الاسعار,الرياض,2021-01-30 17:55:18,2021-01-30 17:55:18,"['العاب اكس بوكس Xbox', 'حراج الأجهزة', 'كل الحراج', 'مايكروسوفت Microsoft']",0,0,0,0
243,69933701,سيرفس برو 6,الشرقيه,2021-01-30 17:52:21,2021-01-30 17:52:21,"['حراج الأجهزة', 'سورفس Surface', 'مايكروسوفت Microsoft']",0,1,0,0
244,69933698,ستور مايكروسوفت 200 ريال سعودي,الشرقيه,2021-01-30 17:52:19,2021-01-30 17:52:19,"['العاب اكس بوكس Xbox', 'حراج الأجهزة', 'كل الحراج', 'مايكروسوفت Microsoft']",0,0,0,200
245,69932936,اكس بوكس سيريس,الرياض,2021-01-30 17:39:01,2021-01-30 17:39:01,"['حراج الأجهزة', 'مايكروسوفت Microsoft']",0,0,0,0
246,69931897,Xbox series x,جده,2021-01-30 17:20:59,2021-01-30 17:20:59,"['اجهزة اكس بوكس Xbox', 'حراج الأجهزة', 'مايكروسوفت Microsoft']",2,0,0,0
247,69930857,Xbox ONE Sاكس بكس ون اس,جده,2021-01-30 17:02:37,2021-01-30 17:02:37,"['Packaged goods', 'اجهزة اكس بوكس Xbox', 'حراج الأجهزة', 'مايكروسوفت Microsoft']",0,0,0,999
248,69930589,ماوس g502 hero استخدام شخصي و نظيف مالك اول,الشرقيه,2021-01-30 16:57:52,2021-01-30 16:57:52,"['اجهزة اكس بوكس Xbox', 'حراج الأجهزة', 'كل الحراج', 'مايكروسوفت Microsoft']",0,0,0,250
249,69929975,اكس بوكس 360,الشرقيه,2021-01-30 16:46:45,2021-01-30 16:46:45,"['حراج الأجهزة', 'كل الحراج', 'مايكروسوفت Microsoft']",0,0,0,0
250,69929693,اكس بوكس ون اكس للبيع,المدينة,2021-01-30 16:41:47,2021-01-30 16:41:47,"['اجهزة اكس بوكس Xbox', 'حراج الأجهزة', 'مايكروسوفت Microsoft']",0,1,0,0
251,69929640,اشرطه اكس بوكس ون,أبها,2021-01-30 16:40:46,2021-01-30 16:40:46,"['حراج الأجهزة', 'مايكروسوفت Microsoft']",0,0,0,0
252,69927976,اكس بوكس ون,الرياض,2021-01-30 16:11:23,2021-01-30 16:11:23,"['حراج الأجهزة', 'مايكروسوفت Microsoft']",0,0,0,0
253,69927384,اكس بوكس كامل بكرتونه,الرياض,2021-01-30 15:59:40,2021-01-30 15:59:40,"['اجهزة اكس بوكس Xbox', 'حراج الأجهزة', 'كل الحراج', 'مايكروسوفت Microsoft']",0,2,0,0
254,69926931,بوكس الكشته,الرياض,2021-01-30 15:50:56,2021-01-30 15:50:56,"['حراج الأجهزة', 'مايكروسوفت Microsoft']",0,0,0,0
255,69926289,جهاز جديد مايكروسوفت 128 قيقا سيرفس جو 2   كيبورد,القصيم,2021-01-30 15:39:05,2021-01-30 15:39:05,"['حراج الأجهزة', 'مايكروسوفت Microsoft']",1,0,0,0
256,69925758,اكس بوكس للبيع,الرياض,2021-01-30 15:28:28,2021-01-30 15:28:28,"['حراج الأجهزة', 'مايكروسوفت Microsoft']",4,0,0,700
257,69925591,xbox one x,الشرقيه,2021-01-30 15:24:50,2021-01-30 15:24:50,"['حراج الأجهزة', 'مايكروسوفت Microsoft']",0,0,0,0
258,69935012,عرض التوفير من جديد,مكه,2021-01-30 18:16:46,2021-01-30 18:16:46,"['ال جي LG', 'حراج الأجهزة', 'كل الحراج']",0,11,0,0
259,69934103,مطلووب.. تلفزيون مسرحي,القصيم,2021-01-30 18:00:20,2021-01-30 18:00:20,"['ال جي LG', 'حراج الأجهزة']",0,0,0,0
260,69933248,شاشه 24 بوصه نوع LG للالعاب,الرياض,2021-01-30 17:44:23,2021-01-30 17:44:23,"['ال جي LG', 'حراج الأجهزة']",0,0,0,0
261,69932692,للبيع سكوتر كهربائي,الشرقيه,2021-01-30 17:35:06,2021-01-30 17:35:06,"['ال جي LG', 'حراج الأجهزة', 'كل الحراج']",0,0,0,0
262,69932620,مكيفات شباك,الطايف,2021-01-30 17:33:29,2021-01-30 17:33:29,"['ال جي LG', 'حراج الأجهزة']",0,0,0,0
263,69931472,مكيفات شباك مستعمل على الضمان,جده,2021-01-30 17:13:33,2021-01-30 17:13:33,"['ال جي LG', 'حراج الأجهزة']",0,0,0,0
264,69931441,مكيفات شباك واسبليت مستخدم وجديد وشبه جديد,جده,2021-01-30 17:12:57,2021-01-30 17:12:57,"['ال جي LG', 'حراج الأجهزة', 'كل الحراج']",0,0,0,0
265,69929610,Al-Nazlah Al-Yamaniyah  Jeddah Saudi Arabia,جده,2021-01-30 16:40:11,2021-01-30 16:40:11,"['ال جي LG', 'حراج الأجهزة']",0,0,0,0
266,69929361,تلفزيون LG استعمال نظيف,الرياض,2021-01-30 16:35:56,2021-01-30 16:35:56,"['ال جي LG', 'حراج الأجهزة']",1,0,0,400
267,69928112,شاشة ال جي,المدينة,2021-01-30 16:14:03,2021-01-30 16:14:03,"['ال جي LG', 'حراج الأجهزة']",2,0,0,0
268,69927773,الجوال اوبو A12 اخو الجديد ماكمل يوم,الرياض,2021-01-30 16:07:26,2021-01-30 16:07:26,"['ال جي LG', 'حراج الأجهزة']",0,2,0,0
269,69927509,مكسر صوت مع ثلاث سماعات,الرياض,2021-01-30 16:02:14,2021-01-30 16:02:14,"['ال جي LG', 'حراج الأجهزة']",0,1,0,0
270,69927267,سماعات دي جي كبيرة,مكه,2021-01-30 15:57:27,2021-01-30 15:57:27,"['ال جي LG', 'حراج الأجهزة']",1,5,0,0
271,69925205,شاشة LG 4K 55,القصيم,2021-01-30 15:17:46,2021-01-30 15:17:46,"['ال جي LG', 'حراج الأجهزة']",2,11,0,0
272,69924642,شاشة lg 43 inch 4k,المدينة,2021-01-30 15:07:18,2021-01-30 15:07:18,"['ال جي LG', 'حراج الأجهزة']",1,0,0,0
273,69924319,غسالة ملابس البيع لااعلى سوم,جده,2021-01-30 15:00:56,2021-01-30 15:00:56,"['ال جي LG', 'حراج الأجهزة']",1,1,0,0
274,69923946,مكيفات شباك بارد فقط,الشرقيه,2021-01-30 14:53:32,2021-01-30 14:53:32,"['ال جي LG', 'حراج الأجهزة', 'كل الحراج']",0,0,0,0
275,69923267,ثلاجة فريزر للبيع,المدينة,2021-01-30 14:40:31,2021-01-30 14:40:31,"['ال جي LG', 'حراج الأجهزة']",0,0,0,0
276,69922667,للبيع فيديو شريط كبير ماركة LG,الرياض,2021-01-30 14:27:15,2021-01-30 14:27:15,"['ال جي LG', 'حراج الأجهزة', 'كل الحراج']",0,21,0,250
277,69922272,ثلاجة,الشرقيه,2021-01-30 14:19:08,2021-01-30 14:19:08,"['ال جي LG', 'حراج الأجهزة']",2,0,0,1300
278,69935222,جوال نوكيا 2.4 Nokia,مكه,2021-01-30 18:20:39,2021-01-30 18:20:39,"['حراج الأجهزة', 'نوكيا Nokia']",0,0,0,400
279,69934161,وثيقه عثمانيه,الرياض,2021-01-30 18:01:28,2021-01-30 18:01:28,"['حراج الأجهزة', 'نوكيا Nokia']",0,0,0,0
280,69933227,عمله 200 وعمله 20 ريال قديمة للبيع,الرياض,2021-01-30 17:44:04,2021-01-30 17:44:04,"['حراج الأجهزة', 'كل الحراج', 'نوكيا Nokia']",0,0,0,0
281,69930654,جوالات نوكيا (E72) اصليه,جده,2021-01-30 16:59:03,2021-01-30 16:59:03,"['حراج الأجهزة', 'نوكيا Nokia']",0,3,0,0
282,69930619,نوكيا قديم,أبها,2021-01-30 16:58:24,2021-01-30 16:58:24,"['حراج الأجهزة', 'نوكيا Nokia']",0,0,0,0
283,69929908,جوال نوكيا قديم لاادري هو شغال اولا,الرياض,2021-01-30 16:45:37,2021-01-30 16:45:37,"['حراج الأجهزة', 'نوكيا Nokia']",0,0,0,0
284,69928088,جوال ابوكشاف,مكه,2021-01-30 16:13:37,2021-01-30 16:13:37,"['حراج الأجهزة', 'نوكيا Nokia']",5,0,0,0
285,69926802,NOKIA الوليد-برج العرب-رهيب-المسكت-NالخيالN,مكه,2021-01-30 15:48:15,2021-01-30 15:48:15,"['حراج الأجهزة', 'كل الحراج', 'نوكيا Nokia']",0,100,0,0
286,69926149,عملات قديمة,القصيم,2021-01-30 15:36:35,2021-01-30 15:36:35,"['حراج الأجهزة', 'كل الحراج', 'نوكيا Nokia']",0,0,0,600
287,69926065,نوكيا 1600,الجوف,2021-01-30 15:34:57,2021-01-30 15:34:57,"['حراج الأجهزة', 'نوكيا Nokia']",0,1,0,0
288,69925977,للبيع نوكيا 4.2,حفر الباطن,2021-01-30 15:33:05,2021-01-30 15:33:05,"['حراج الأجهزة', 'نوكيا Nokia']",3,1,0,0
289,69925776,جوال N73 جديد السعر550,جيزان,2021-01-30 15:29:00,2021-01-30 15:29:00,"['حراج الأجهزة', 'نوكيا Nokia']",0,0,0,0
290,69924992,نوكيا الدمعه واسود ب130,الطايف,2021-01-30 15:14:10,2021-01-30 15:14:10,"['جوال', 'حراج الأجهزة', 'مرايا', 'نوكيا Nokia']",0,1,0,130
291,69924858,موديل احمر 2720,جيزان,2021-01-30 15:11:21,2021-01-30 15:11:21,"['حراج الأجهزة', 'نوكيا Nokia']",0,4,0,350
292,69922019,عملات معدنية,القصيم,2021-01-30 14:14:08,2021-01-30 14:14:08,"['حراج الأجهزة', 'كل الحراج', 'نوكيا Nokia']",1,0,0,0
293,69917802,جوال نوكيا n95,أبها,2021-01-30 12:43:29,2021-01-30 12:43:29,"['حراج الأجهزة', 'كل الحراج', 'نوكيا Nokia']",2,0,0,150
294,69917468,صقل أحجار كريمة,الرياض,2021-01-30 12:35:14,2021-01-30 12:35:14,"['حراج الأجهزة', 'كل الحراج', 'نوكيا Nokia']",0,0,0,0
295,69916069,جوال نوكيا ابوكشافه القديم ولاصلي,أبها,2021-01-30 11:59:08,2021-01-30 11:59:08,"['حراج الأجهزة', 'نوكيا Nokia']",0,0,0,0
296,69914267,للبيع نوكيا n95,القصيم,2021-01-30 11:05:15,2021-01-30 11:05:15,"['حراج الأجهزة', 'نوكيا Nokia']",0,4,0,450
297,69912966,نوكيا 1_2,ينبع,2021-01-30 10:20:20,2021-01-30 10:20:20,"['Packaged goods', 'حراج الأجهزة', 'نظارات شمسية', 'نوكيا Nokia']",1,0,0,300
298,69935646,كاميرا كانون,القصيم,2021-01-30 18:28:21,2021-01-30 18:28:21,"['حراج الأجهزة', 'كانون Canon']",0,0,0,0
299,69934720,كاميرة كانون D800 وعدسة 70-200 2.8 بمانع اهتزاز,الرياض,2021-01-30 18:11:46,2021-01-30 18:11:46,"['حراج الأجهزة', 'كانون Canon']",0,0,0,0
300,69934498,كاميرا كانون شبه جديده,الشرقيه,2021-01-30 18:07:25,2021-01-30 18:07:25,"['حراج الأجهزة', 'كانون Canon']",0,0,0,0
301,69934383,طابعة جوال,الرياض,2021-01-30 18:05:26,2021-01-30 18:05:26,"['Cassette deck', 'حراج الأجهزة', 'كانون Canon']",0,0,0,0
302,69932432,كاميرا كانون احترافيه,المدينة,2021-01-30 17:30:15,2021-01-30 17:30:15,"['حراج الأجهزة', 'كانون Canon']",0,3,0,0
303,69931304,كميرا كانون,أبها,2021-01-30 17:10:28,2021-01-30 17:10:28,"['حراج الأجهزة', 'كانون Canon']",0,0,0,1300
304,69930937,طابعة hd,القصيم,2021-01-30 17:04:04,2021-01-30 17:04:04,"['حراج الأجهزة', 'كانون Canon']",0,0,0,280
305,69930699,كاميرا,الرياض,2021-01-30 16:59:51,2021-01-30 16:59:51,"['حراج الأجهزة', 'كانون Canon']",0,0,0,50
306,69929611,شنطة مع عدة متكاملة,أبها,2021-01-30 16:40:11,2021-01-30 16:40:11,"['حراج الأجهزة', 'كانون Canon']",0,1,0,0
307,69928784,تصوير زواجات و حفلات و مناسبات,مكه,2021-01-30 16:25:42,2021-01-30 16:25:42,"['حراج الأجهزة', 'كانون Canon', 'كل الحراج']",0,0,0,0
308,69928721,هيد بول رأس اصلي لجميع انواع كميرات التصوير,نجران,2021-01-30 16:24:43,2021-01-30 16:24:43,"['أجهزة منزلية', 'حراج الأجهزة', 'صندوق', 'كانون Canon', 'مكينة حلاقة']",0,0,0,0
309,69928720,عدسه كانون 70-300 usm,الشرقيه,2021-01-30 16:24:42,2021-01-30 16:24:42,"['حراج الأجهزة', 'كانون Canon']",0,11,0,0
310,69928642,طابعه الوان كانون لاسلكيه wireless CANON 3x1,الرياض,2021-01-30 16:23:13,2021-01-30 16:23:13,"['حراج الأجهزة', 'كانون Canon']",0,0,0,75
311,69928106,كاميرا كانون eos1200,جده,2021-01-30 16:13:59,2021-01-30 16:13:59,"['حراج الأجهزة', 'كانون Canon']",1,0,0,0
312,69927847,كاميرا كانون EOS600D,القصيم,2021-01-30 16:08:54,2021-01-30 16:08:54,"['حراج الأجهزة', 'كانون Canon']",0,0,0,800
313,69927837,كاميرا برادي خواتم فضه مبخره منقل متحرك للشاي,المدينة,2021-01-30 16:08:40,2021-01-30 16:08:40,"['حراج الأجهزة', 'كانون Canon']",0,3,0,0
314,69927455,كاميرا Canon D700,القصيم,2021-01-30 16:01:11,2021-01-30 16:01:11,"['حراج الأجهزة', 'كانون Canon']",1,0,0,0
315,69927009,طابعة canon MG2540s,الرياض,2021-01-30 15:52:29,2021-01-30 15:52:29,"['حراج الأجهزة', 'كانون Canon']",0,0,0,0
316,69926119,للبيع كمرة كانون 750D,الرياض,2021-01-30 15:36:09,2021-01-30 15:36:09,"['حراج الأجهزة', 'كانون Canon']",0,0,0,0
317,69925314,كاميرا للفلوقات,القصيم,2021-01-30 15:19:45,2021-01-30 15:19:45,"['حراج الأجهزة', 'كانون Canon']",0,0,0,0
318,69935500,بلاك بيري للبيع,أبها,2021-01-30 18:25:43,2021-01-30 18:25:43,"['بلاك بيري BlackBerry', 'حراج الأجهزة']",0,0,0,0
319,69934010,للبيع بلاك بيري Q5,الرياض,2021-01-30 17:58:12,2021-01-30 17:58:12,"['بلاك بيري BlackBerry', 'حراج الأجهزة']",0,0,0,200
320,69920680,للبيع بلاك بيري بولد نظيف جدا,الشرقيه,2021-01-30 13:45:07,2021-01-30 13:45:07,"['بلاك بيري BlackBerry', 'حراج الأجهزة']",0,0,0,100
321,69917957,جوال للبيع,المدينة,2021-01-30 12:47:02,2021-01-30 12:47:02,"['بلاك بيري BlackBerry', 'جوال', 'حراج الأجهزة']",0,0,0,0
322,69917029,بلاك بيري (قديمك نديمك),جده,2021-01-30 12:24:41,2021-01-30 12:24:41,"['بلاك بيري BlackBerry', 'حراج الأجهزة']",0,0,0,0
323,69909668,بلاكبيري بولد 9900,الرياض,2021-01-30 07:48:08,2021-01-30 07:48:08,"['بلاك بيري BlackBerry', 'حراج الأجهزة']",0,0,0,0
324,69907045,بلاك بيري black berry,الرياض,2021-01-30 04:02:15,2021-01-30 04:02:15,"['بلاك بيري BlackBerry', 'حراج الأجهزة']",0,0,0,500
325,69900617,بلاك بيري تورش,الرياض,2021-01-29 23:35:25,2021-01-29 23:35:25,"['بلاك بيري BlackBerry', 'حراج الأجهزة']",4,0,0,0
326,69887467,سحب المشتريات كاش من الفيزا والماستر,الرياض,2021-01-29 18:34:27,2021-01-29 18:34:27,"['بلاك بيري BlackBerry', 'حراج الأجهزة']",0,0,0,0
327,69880085,ح ط ددسن غماره,القصيم,2021-01-29 16:08:16,2021-01-29 16:08:16,"['بلاك بيري BlackBerry', 'حراج الأجهزة', 'طعام']",0,0,0,0
328,69878948,BlackBerry Priv..,الرياض,2021-01-29 15:45:32,2021-01-29 15:45:32,"['بلاك بيري BlackBerry', 'حراج الأجهزة']",1,0,0,0
329,69865936,للبيع بلاك بيري مخزن,الرياض,2021-01-29 09:26:21,2021-01-29 09:26:21,"['بلاك بيري BlackBerry', 'حراج الأجهزة']",5,0,0,0
330,69864030,بلاك بئري Q10,جده,2021-01-29 06:35:14,2021-01-29 06:35:14,"['بلاك بيري BlackBerry', 'جوال', 'حراج الأجهزة']",1,0,0,0
331,69857135,اورق YAMAHA,تبوك,2021-01-29 00:07:51,2021-01-29 00:07:51,"['بلاك بيري BlackBerry', 'حراج الأجهزة']",2,0,0,0
332,69842094,بلاك بيري,الرياض,2021-01-28 18:09:41,2021-01-28 18:09:41,"['بلاك بيري BlackBerry', 'حراج الأجهزة']",0,0,0,0
333,69835072,للبيع بلاك بيري كيرف,جده,2021-01-28 15:50:02,2021-01-28 15:50:02,"['بلاك بيري BlackBerry', 'حراج الأجهزة']",1,3,0,0
334,69832895,بلاك بيري,أبها,2021-01-28 15:00:37,2021-01-28 15:00:37,"['بلاك بيري BlackBerry', 'حراج الأجهزة']",0,0,0,0
335,69828968,للبيع بلاك بيري تورش ابيض,القصيم,2021-01-28 13:30:25,2021-01-28 13:30:25,"['بلاك بيري BlackBerry', 'حراج الأجهزة', 'كل الحراج']",4,0,0,0
336,69804416,بلاك بيري بولد نظيف ماشاءالله,جده,2021-01-27 22:02:10,2021-01-27 22:02:10,"['بلاك بيري BlackBerry', 'حراج الأجهزة']",3,0,0,0
337,69795986,ميزان الوزن للبيع,الشرقيه,2021-01-27 19:16:00,2021-01-27 19:16:00,"['Luggage  bags', 'بلاك بيري BlackBerry', 'حراج الأجهزة']",0,0,0,0
338,69935831,شريط سبايدر مان سوني 5,مكه,2021-01-30 18:31:23,2021-01-30 18:31:23,"['العاب بلاي ستيشن PS', 'حراج الأجهزة', 'سوني Sony']",0,0,0,0
339,69935827,خوي للبيع واذا تبي زياده تعال  .,الرياض,2021-01-30 18:31:21,2021-01-30 18:31:21,"['حراج الأجهزة', 'سوني Sony']",0,0,0,0
340,69935811,ايدي مهكر قراند انا مجرد معلن,عرعر,2021-01-30 18:31:06,2021-01-30 18:31:06,"['حراج الأجهزة', 'سوني Sony']",0,0,0,0
341,69935799,ستور امريكي,مكه,2021-01-30 18:30:52,2021-01-30 18:30:52,"['العاب بلاي ستيشن PS', 'حراج الأجهزة', 'سوني Sony']",0,0,0,0
342,69935767,يد بلايستيشن 5,الرياض,2021-01-30 18:30:06,2021-01-30 18:30:06,"['اجهزة بلاي ستيشن PS', 'حراج الأجهزة', 'سوني Sony']",0,0,0,320
343,69935744,شريط ذكاور جديد استخدام مره واحده السعر 60 60,مكه,2021-01-30 18:29:49,2021-01-30 18:29:49,"['حراج الأجهزة', 'سوني Sony']",1,0,0,0
344,69935676,سوني 4 للبيع,الرياض,2021-01-30 18:28:43,2021-01-30 18:28:43,"['حراج الأجهزة', 'سوني Sony']",0,19,0,0
345,69935668,سوني 4 على الشرط,المدينة,2021-01-30 18:28:39,2021-01-30 18:28:39,"['Packaged goods', 'اجهزة بلاي ستيشن PS', 'حراج الأجهزة', 'سوني Sony']",0,0,0,550
346,69935648,كنترول تحكم ps5 يد تحكم بلايستيشن 5 جديد,الشرقيه,2021-01-30 18:28:22,2021-01-30 18:28:22,"['اجهزة بلاي ستيشن PS', 'حراج الأجهزة', 'سوني Sony']",0,27,0,320
347,69935612,شاشة حماية ضد الكسر للتلفزيون مؤسسة اصناف,الطايف,2021-01-30 18:27:47,2021-01-30 18:27:47,"['حراج الأجهزة', 'سوني Sony', 'شاشة']",0,0,0,0
348,69935609,سوني 2 مع يدتين و 50 لعبه اخو الجديد,الرياض,2021-01-30 18:27:44,2021-01-30 18:27:44,"['حراج الأجهزة', 'سوني Sony']",0,13,0,250
349,69935598,شاشة ألعاب 32 بوصة 2k 165hz,الرياض,2021-01-30 18:27:37,2021-01-30 18:27:37,"['حراج الأجهزة', 'سوني Sony', 'شاشة']",0,0,0,0
350,69935593,بلايستيشن 4 سوني 4 لمتدد اديشن,الرياض,2021-01-30 18:27:33,2021-01-30 18:27:33,"['اجهزة بلاي ستيشن PS', 'جهاز إلكتروني', 'حراج الأجهزة', 'سوني Sony', 'يد تحكم']",0,0,0,0
351,69935582,لابتوب DELL للبيع,الشرقيه,2021-01-30 18:27:20,2021-01-30 18:27:20,"['حراج الأجهزة', 'سوني Sony', 'لاب توب']",0,0,0,110
352,69935578,جهاز لابتوب ايسر مستخدم للبيع,الرياض,2021-01-30 18:27:12,2021-01-30 18:27:12,"['حراج الأجهزة', 'سوني Sony', 'لاب توب']",0,0,0,0
353,69935520,Gta 5 ps 4,الطايف,2021-01-30 18:26:16,2021-01-30 18:26:16,"['العاب بلاي ستيشن PS', 'حراج الأجهزة', 'سوني Sony']",0,0,0,0
354,69935461,لاب توب لينوفو T14 مواصفات عاليه جديد في كرتونه,جده,2021-01-30 18:24:59,2021-01-30 18:24:59,"['حراج الأجهزة', 'سوني Sony', 'لاب توب']",0,0,0,0
355,69935434,سوني 4 مستعمل,الرياض,2021-01-30 18:24:21,2021-01-30 18:24:21,"['حراج الأجهزة', 'سوني Sony']",1,0,0,0
356,69935389,حساب FIFA 21 فيه الدون تشكيلة السنة,جده,2021-01-30 18:23:40,2021-01-30 18:23:40,"['اجهزة بلاي ستيشن PS', 'حراج الأجهزة', 'سوني Sony']",0,0,0,0
357,69935343,سوني 4 سليم اخو الجديد,مكه,2021-01-30 18:22:54,2021-01-30 18:22:54,"['حراج الأجهزة', 'سوني Sony']",1,0,0,0
358,69935521,سامسونج اس 9 بلس,الرياض,2021-01-30 18:26:16,2021-01-30 18:26:16,"['جالكسي اس GALAXY S', 'حراج الأجهزة', 'سامسونج Samsung']",0,0,0,850
359,69935261,للبيع سامسونج زي فولد 2 جديد,الرياض,2021-01-30 18:21:22,2021-01-30 18:21:22,"['حراج الأجهزة', 'سامسونج Samsung']",0,0,0,7999
360,69935179,غساله سامسونج اتوماتيكيه,مكه,2021-01-30 18:19:55,2021-01-30 18:19:55,"['حراج الأجهزة', 'سامسونج Samsung', 'غسالة سامسونج']",0,0,0,400
361,69935168,للبيع بطارية كلاكسي اصلي,الرياض,2021-01-30 18:19:37,2021-01-30 18:19:37,"['جالكسي تاب GALAXY Tab', 'حراج الأجهزة', 'سامسونج Samsung']",0,0,0,0
362,69935123,سامسونج جالكسي اس 10 بلس 512 جيجا,أبها,2021-01-30 18:18:44,2021-01-30 18:18:44,"['Packaged goods', 'جالكسي اس GALAXY S', 'حراج الأجهزة', 'سامسونج Samsung']",1,0,0,0
363,69935095,جهاز جالكسي a42 ضمان سنتين stc,الرياض,2021-01-30 18:18:15,2021-01-30 18:18:15,"['جالكسي اس GALAXY S', 'حراج الأجهزة', 'سامسونج Samsung']",0,0,0,1350
364,69935086,جلاكسي a8 بلاس,أبها,2021-01-30 18:18:01,2021-01-30 18:18:01,"['جالكسي اس GALAXY S', 'حراج الأجهزة', 'سامسونج Samsung']",0,0,0,0
365,69934882,Samsung s9,جيزان,2021-01-30 18:14:24,2021-01-30 18:14:24,"['جالكسي اس GALAXY S', 'حراج الأجهزة', 'سامسونج Samsung']",0,0,0,0
366,69934857,جالكسي A51 راجع اعلاني,أبها,2021-01-30 18:13:57,2021-01-30 18:13:57,"['جالكسي اس GALAXY S', 'حراج الأجهزة', 'سامسونج Samsung']",0,0,0,0
367,69934656,جوال للبيع,المدينة,2021-01-30 18:10:34,2021-01-30 18:10:34,"['جالكسي نوت Galaxy Note', 'حراج الأجهزة', 'سامسونج Samsung']",0,0,0,0
368,69934473,منطقه حايل,المدينة,2021-01-30 18:07:03,2021-01-30 18:07:03,"['جالكسي اس GALAXY S', 'حراج الأجهزة', 'سامسونج Samsung']",0,0,0,0
369,69934382,تنسيق الاحتفالات جميعها,الشرقيه,2021-01-30 18:05:25,2021-01-30 18:05:25,"['جالكسي نوت Galaxy Note', 'حراج الأجهزة', 'سامسونج Samsung']",0,0,0,0
370,69934228,راجع اعلان السابق سامسونج s20,الشرقيه,2021-01-30 18:02:48,2021-01-30 18:02:48,"['جالكسي اس GALAXY S', 'حراج الأجهزة', 'سامسونج Samsung']",0,0,0,1850
371,69933917,جوال جديد,الجوف,2021-01-30 17:56:16,2021-01-30 17:56:16,"['حراج الأجهزة', 'سامسونج Samsung']",0,4,0,0
372,69933768,جلكسي سامسونج A21s,عرعر,2021-01-30 17:53:43,2021-01-30 17:53:43,"['جالكسي اس GALAXY S', 'حراج الأجهزة', 'سامسونج Samsung']",0,0,0,0
373,69933582,جالكسي نوت 10 لايت منزل عليه روت نظيف جدا,الرياض,2021-01-30 17:50:21,2021-01-30 17:50:21,"['جالكسي نوت Galaxy Note', 'حراج الأجهزة', 'سامسونج Samsung']",0,0,0,0
374,69933554,Galaxy S6 edge,جده,2021-01-30 17:49:45,2021-01-30 17:49:45,"['جالكسي اس GALAXY S', 'حراج الأجهزة', 'سامسونج Samsung']",1,0,0,450
375,69933189,نوت 20 الترا سناب دراجون 256 جيجا اسود 5G,الرياض,2021-01-30 17:43:24,2021-01-30 17:43:24,"['جالكسي نوت Galaxy Note', 'حراج الأجهزة', 'سامسونج Samsung', 'كل الحراج']",1,6,0,0
376,69933073,سامسونجA71 للبيع,الطايف,2021-01-30 17:41:26,2021-01-30 17:41:26,"['جالكسي اس GALAXY S', 'حراج الأجهزة', 'سامسونج Samsung']",6,0,0,0
377,69933016,سامسونج نوت 10بلس 5g مع إكسسوارات بدل أيفون,الرياض,2021-01-30 17:40:23,2021-01-30 17:40:23,"['جالكسي نوت Galaxy Note', 'حراج الأجهزة', 'سامسونج Samsung']",0,0,0,2850
378,69935638,حساب ببجي,الرياض,2021-01-30 18:28:08,2021-01-30 18:28:08,"['ابل Apple', 'ايفون iPhone', 'حراج الأجهزة']",0,0,0,0
379,69935620,حساب ببجي لفيل 71,الطايف,2021-01-30 18:27:53,2021-01-30 18:27:53,"['Person', 'ابل Apple', 'الهاشتاقات', 'ايفون iPhone', 'حراج الأجهزة']",0,0,0,0
380,69935619,iPhone 6 32g ايفون 6,الرياض,2021-01-30 18:27:52,2021-01-30 18:27:52,"['ابل Apple', 'ايفون iPhone', 'حراج الأجهزة']",0,0,0,0
381,69935574,ايفون اكس ابيض مع اغراضة كاملة,جده,2021-01-30 18:27:04,2021-01-30 18:27:04,"['ابل Apple', 'ايفون iPhone', 'حراج الأجهزة']",0,0,0,1700
382,69935572,ايفون 7 بلس 128 قيقا,جده,2021-01-30 18:27:03,2021-01-30 18:27:03,"['ابل Apple', 'ايفون iPhone', 'حراج الأجهزة']",0,0,0,0
383,69935534,ايفون x.max 512,الرياض,2021-01-30 18:26:31,2021-01-30 18:26:31,"['Packaged goods', 'ابل Apple', 'ايفون iPhone', 'حراج الأجهزة']",0,0,0,0
384,69935533,لعبه حساب نداء الحرب,الرياض,2021-01-30 18:26:30,2021-01-30 18:26:30,"['ابل Apple', 'ايفون iPhone', 'حراج الأجهزة']",0,0,0,0
385,69935523,سماعه ابل الاصليه,الرياض,2021-01-30 18:26:17,2021-01-30 18:26:17,"['ابل Apple', 'ايفون iPhone', 'حراج الأجهزة']",0,16,0,0
386,69935517,ايفون 12 كحلي 128 غيغا,جده,2021-01-30 18:26:06,2021-01-30 18:26:06,"['ابل Apple', 'ايفون iPhone', 'حراج الأجهزة']",0,0,0,0
387,69935511,شواحن قوي للبيع,الرياض,2021-01-30 18:25:54,2021-01-30 18:25:54,"['ابل Apple', 'ايفون iPhone', 'حراج الأجهزة']",0,0,0,65
388,69935490,ايفون xs,الشرقيه,2021-01-30 18:25:29,2021-01-30 18:25:29,"['ابل Apple', 'ايفون iPhone', 'حراج الأجهزة']",0,0,0,0
389,69935489,ايفون مني 12 64 قيقا ضمان سنتين,الرياض,2021-01-30 18:25:27,2021-01-30 18:25:27,"['ابل Apple', 'ايفون iPhone', 'حراج الأجهزة']",0,0,0,0
390,69935474,ايفون 8 بلس,الرياض,2021-01-30 18:25:10,2021-01-30 18:25:10,"['ابل Apple', 'ايفون iPhone', 'حراج الأجهزة']",0,0,0,0
391,69935471,سماعة ايربودز اصدار ثاني,الرياض,2021-01-30 18:25:06,2021-01-30 18:25:06,"['ابل Apple', 'ايفون iPhone', 'حراج الأجهزة']",1,0,0,0
392,69935453,ايفون اخو الجديد,الجوف,2021-01-30 18:24:52,2021-01-30 18:24:52,"['ابل Apple', 'ايفون iPhone', 'حراج الأجهزة']",0,0,0,0
393,69935431,قطع غيار الجوالات بسعر ارخص من السوق,الرياض,2021-01-30 18:24:19,2021-01-30 18:24:19,"['ابل Apple', 'ايفون iPhone', 'حراج الأجهزة']",0,0,0,0
394,69935423,اقلام ايباد,الرياض,2021-01-30 18:24:11,2021-01-30 18:24:11,"['Packaged goods', 'ابل Apple', 'ايباد iPad', 'حراج الأجهزة']",0,0,0,0
395,69935417,ايفون 11,جده,2021-01-30 18:24:05,2021-01-30 18:24:05,"['ابل Apple', 'ايفون iPhone', 'حراج الأجهزة']",0,0,0,2000
396,69935394,iphone 11 pro max 256GB,الرياض,2021-01-30 18:23:45,2021-01-30 18:23:45,"['ابل Apple', 'ايفون iPhone', 'حراج الأجهزة']",0,0,0,0
397,69935391,vape zero renova   2 tanks   2 flavors,الرياض,2021-01-30 18:23:41,2021-01-30 18:23:41,"['ابل Apple', 'ايفون iPhone', 'حراج الأجهزة']",0,0,0,250
398,69938400,للبيع بلاستيشن 4 500قيقا,الرياض,2021-01-30 19:14:04,2021-01-30 19:14:04,"['Packaged goods', 'اجهزة بلاي ستيشن PS', 'حراج الأجهزة', 'سوني Sony']",0,0,0,0
399,69938394,يد سوني فور جديدة واصلية التي تجي مع الجهاز,أبها,2021-01-30 19:13:57,2021-01-30 19:13:57,"['Luggage  bags', 'Packaged goods', 'العاب بلاي ستيشن PS', 'حراج الأجهزة', 'سوني Sony']",0,0,0,0
400,69938393,كاميرا مراقبه عن طريق الواي فاي لها عندي 5شهور,الرياض,2021-01-30 19:13:54,2021-01-30 19:13:54,"['اجهزة غير مصنفة', 'حراج الأجهزة']",0,0,0,550
401,69938384,حساب فورت للبدل يقلبي,حائل,2021-01-30 19:13:48,2021-01-30 19:13:48,"['اجهزة غير مصنفة', 'حراج الأجهزة']",0,0,0,0
402,69938383,جوال للبيع,مكه,2021-01-30 19:13:48,2021-01-30 19:13:48,"['اجهزة غير مصنفة', 'جوال', 'حراج الأجهزة']",0,0,0,0
403,69938382,فيش وسلك ايفون,حفر الباطن,2021-01-30 19:13:48,2021-01-30 19:13:48,"['ابل Apple', 'ايفون iPhone', 'حراج الأجهزة']",0,0,0,0
404,69938374,كاميره,الشرقيه,2021-01-30 19:13:41,2021-01-30 19:13:41,"['حراج الأجهزة', 'كانون Canon']",0,0,0,0
405,69938371,مكينة اسبريسو للايجار coffee rent,الرياض,2021-01-30 19:13:39,2021-01-30 19:13:39,"['اجهزة غير مصنفة', 'حراج الأجهزة']",0,0,0,0
406,69938368,كمبيوتر ألعاب,الرياض,2021-01-30 19:13:37,2021-01-30 19:13:37,"['اجهزة غير مصنفة', 'حراج الأجهزة']",0,0,0,0
407,69938360,ايفون 11برو ماكس زيتي,الرياض,2021-01-30 19:13:31,2021-01-30 19:13:31,"['ابل Apple', 'ايفون iPhone', 'حراج الأجهزة']",0,0,0,0
408,69938358,جهاز ايفون 4,الرياض,2021-01-30 19:13:29,2021-01-30 19:13:29,"['ابل Apple', 'ايفون iPhone', 'حراج الأجهزة']",0,0,0,0
409,69938355,آي باد ميني 1,الرياض,2021-01-30 19:13:25,2021-01-30 19:13:25,"['ابل Apple', 'ايباد iPad', 'حراج الأجهزة']",0,3,0,0
410,69938341,ايفون اكس اس ماكس 256 قيقا,الرياض,2021-01-30 19:13:07,2021-01-30 19:13:07,"['ابل Apple', 'ايفون iPhone', 'حراج الأجهزة']",0,0,0,0
411,69938340,الحويه مثمله,الطايف,2021-01-30 19:13:07,2021-01-30 19:13:07,"['اجهزة غير مصنفة', 'حراج الأجهزة']",0,0,0,0
412,69938338,محافظة رفحاء,عرعر,2021-01-30 19:13:06,2021-01-30 19:13:06,"['Boxed packaged goods', 'ابل Apple', 'ايفون iPhone', 'حراج الأجهزة']",0,0,0,0
413,69938324,لابتوب أو لاب توب core i7,أبها,2021-01-30 19:12:53,2021-01-30 19:12:53,"['حراج الأجهزة', 'ديل DELL', 'كيبورد', 'لاب توب']",0,0,0,0
414,69938322,قاعدة اكس الاصلية لاصق 3M عروض خاصه ب اقل الاسعار,القصيم,2021-01-30 19:12:52,2021-01-30 19:12:52,"['اجهزة غير مصنفة', 'حراج الأجهزة']",1,1,0,0
415,69938321,جلكسي 6ايدج ذهبي,نجران,2021-01-30 19:12:49,2021-01-30 19:12:49,"['جالكسي اس GALAXY S', 'حراج الأجهزة', 'سامسونج Samsung']",0,0,0,0
416,69938320,سوني بلايستيشن 4,الشرقيه,2021-01-30 19:12:49,2021-01-30 19:12:49,"['حراج الأجهزة', 'سوني Sony']",0,0,0,0
417,69938317,قريتين كلاش اوف كلانس,جيزان,2021-01-30 19:12:45,2021-01-30 19:12:45,"['ابل Apple', 'ايفون iPhone', 'حراج الأجهزة']",0,0,0,0
0,69814838,فريزر,المدينة,2021-01-28 04:17:40,2021-01-28 04:17:40,"['اجهزة غير مصنفة', 'حراج الأجهزة']",0,0,0,0
1,69814836,ايفونx,الرياض,2021-01-28 04:17:30,2021-01-28 04:17:30,"['ابل Apple', 'ايفون iPhone', 'حراج الأجهزة']",0,0,0,0
2,69814833,حي الخالدية,جده,2021-01-28 04:17:16,2021-01-28 04:17:16,"['ابل Apple', 'حراج الأجهزة']",0,0,0,0
3,69814826,قلاية هوائية بدون زيت شبه جديدة,المدينة,2021-01-28 04:16:17,2021-01-28 04:16:17,"['اجهزة غير مصنفة', 'حراج الأجهزة']",0,0,0,0
4,69814825,ايفون iPhone xs max,الشرقيه,2021-01-28 04:16:01,2021-01-28 04:16:01,"['ابل Apple', 'ايفون iPhone', 'حراج الأجهزة']",0,5,0,2500
5,69814824,4 مكيفات أسبلت طن ونص,الشرقيه,2021-01-28 04:15:58,2021-01-28 04:15:58,"['اجهزة غير مصنفة', 'حراج الأجهزة', 'كل الحراج']",0,0,0,650
6,69814810,أرقام سوا مميزة,مكه,2021-01-28 04:14:39,2021-01-28 04:14:39,"['empty', 'أرقام مميزة', 'ارقام مميزة من الاتصالات السعودية STC', 'حراج الأجهزة']",0,270,0,0
7,69814808,مشغل اسطوانات,الشرقيه,2021-01-28 04:14:29,2021-01-28 04:14:29,"['Packaged goods', 'اثاث', 'اجهزة غير مصنفة', 'حراج الأجهزة', 'فخار']",0,0,0,0
8,69814802,للبيع ايباد 4 شبه جديد الاحساء,الشرقيه,2021-01-28 04:14:07,2021-01-28 04:14:07,"['ابل Apple', 'ايباد iPad', 'حراج الأجهزة']",0,0,0,0
9,69814796,للبيع آيدي PS4 بالكامل كل معلومات الحساب موجوده,مكه,2021-01-28 04:13:40,2021-01-28 04:13:40,"['حراج الأجهزة', 'سوني Sony']",0,0,0,0
10,69814794,جوال نوكيا الوليد للبيع,جده,2021-01-28 04:13:30,2021-01-28 04:13:30,"['حراج الأجهزة', 'نوكيا Nokia']",0,3,0,0
11,69814790,سوني 5 بلايستيشن 5 PS5 بكج سبايدرمان,الشرقيه,2021-01-28 04:13:13,2021-01-28 04:13:13,"['ابل Apple', 'ايفون iPhone', 'حراج الأجهزة']",0,61,0,0
12,69814787,ايفون x,الرياض,2021-01-28 04:12:57,2021-01-28 04:12:57,"['ابل Apple', 'ايفون iPhone', 'حراج الأجهزة']",1,0,0,0
13,69814785,جوال ون بلس one 6T,الرياض,2021-01-28 04:12:45,2021-01-28 04:12:45,"['اجهزة غير مصنفة', 'حراج الأجهزة']",0,0,0,0
14,69814777,اكس بوكس 1,الرياض,2021-01-28 04:12:22,2021-01-28 04:12:22,"['اجهزة اكس بوكس Xbox', 'حراج الأجهزة', 'كل الحراج', 'مايكروسوفت Microsoft']",0,0,0,0
15,69814774,جرم سماعه ابل الاصليه,أبها,2021-01-28 04:12:17,2021-01-28 04:12:17,"['ابل Apple', 'حراج الأجهزة', 'ساعة أبل Apple Watch']",0,0,0,150
16,69814773,ايفوان x 64,الرياض,2021-01-28 04:12:04,2021-01-28 04:12:04,"['ابل Apple', 'ايفون iPhone', 'حراج الأجهزة']",2,0,0,0
17,69814770,ايفن اكس ماكس ذهبي,الرياض,2021-01-28 04:11:53,2021-01-28 04:11:53,"['ابل Apple', 'ايفون iPhone', 'حراج الأجهزة']",0,0,0,1800
18,69814766,ساعة هواوي gt2,أبها,2021-01-28 04:11:40,2021-01-28 04:11:40,"['حراج الأجهزة', 'هواوي Huawei']",0,0,0,0
19,69814752,سنهايزر مومينتم   senhieser momentum,جده,2021-01-28 04:09:47,2021-01-28 04:09:47,"['اجهزة غير مصنفة', 'حراج الأجهزة']",0,0,0,0
